"epoch","Scratch | soft | val=4 - _step","Scratch | soft | val=4 - _step__MIN","Scratch | soft | val=4 - _step__MAX","Scratch | soft | val=4 - epoch/valid_acc","Scratch | soft | val=4 - epoch/valid_acc__MIN","Scratch | soft | val=4 - epoch/valid_acc__MAX","Scratch | soft | val=4 - epoch/valid_ccc(aro)","Scratch | soft | val=4 - epoch/valid_ccc(aro)__MIN","Scratch | soft | val=4 - epoch/valid_ccc(aro)__MAX","Scratch | soft | val=4 - epoch/valid_ccc(val)","Scratch | soft | val=4 - epoch/valid_ccc(val)__MIN","Scratch | soft | val=4 - epoch/valid_ccc(val)__MAX","Scratch | soft | val=4 - epoch/valid_macrof1","Scratch | soft | val=4 - epoch/valid_macrof1__MIN","Scratch | soft | val=4 - epoch/valid_macrof1__MAX","Scratch | soft | val=4 - epoch/valid_microf1","Scratch | soft | val=4 - epoch/valid_microf1__MIN","Scratch | soft | val=4 - epoch/valid_microf1__MAX","Scratch | soft | val=3 - _step","Scratch | soft | val=3 - _step__MIN","Scratch | soft | val=3 - _step__MAX","Scratch | soft | val=3 - epoch/valid_acc","Scratch | soft | val=3 - epoch/valid_acc__MIN","Scratch | soft | val=3 - epoch/valid_acc__MAX","Scratch | soft | val=3 - epoch/valid_ccc(aro)","Scratch | soft | val=3 - epoch/valid_ccc(aro)__MIN","Scratch | soft | val=3 - epoch/valid_ccc(aro)__MAX","Scratch | soft | val=3 - epoch/valid_ccc(val)","Scratch | soft | val=3 - epoch/valid_ccc(val)__MIN","Scratch | soft | val=3 - epoch/valid_ccc(val)__MAX","Scratch | soft | val=3 - epoch/valid_macrof1","Scratch | soft | val=3 - epoch/valid_macrof1__MIN","Scratch | soft | val=3 - epoch/valid_macrof1__MAX","Scratch | soft | val=3 - epoch/valid_microf1","Scratch | soft | val=3 - epoch/valid_microf1__MIN","Scratch | soft | val=3 - epoch/valid_microf1__MAX","Scratch | soft | val=2 - _step","Scratch | soft | val=2 - _step__MIN","Scratch | soft | val=2 - _step__MAX","Scratch | soft | val=2 - epoch/valid_acc","Scratch | soft | val=2 - epoch/valid_acc__MIN","Scratch | soft | val=2 - epoch/valid_acc__MAX","Scratch | soft | val=2 - epoch/valid_ccc(aro)","Scratch | soft | val=2 - epoch/valid_ccc(aro)__MIN","Scratch | soft | val=2 - epoch/valid_ccc(aro)__MAX","Scratch | soft | val=2 - epoch/valid_ccc(val)","Scratch | soft | val=2 - epoch/valid_ccc(val)__MIN","Scratch | soft | val=2 - epoch/valid_ccc(val)__MAX","Scratch | soft | val=2 - epoch/valid_macrof1","Scratch | soft | val=2 - epoch/valid_macrof1__MIN","Scratch | soft | val=2 - epoch/valid_macrof1__MAX","Scratch | soft | val=2 - epoch/valid_microf1","Scratch | soft | val=2 - epoch/valid_microf1__MIN","Scratch | soft | val=2 - epoch/valid_microf1__MAX","Scratch | soft | val=1 - _step","Scratch | soft | val=1 - _step__MIN","Scratch | soft | val=1 - _step__MAX","Scratch | soft | val=1 - epoch/valid_acc","Scratch | soft | val=1 - epoch/valid_acc__MIN","Scratch | soft | val=1 - epoch/valid_acc__MAX","Scratch | soft | val=1 - epoch/valid_ccc(aro)","Scratch | soft | val=1 - epoch/valid_ccc(aro)__MIN","Scratch | soft | val=1 - epoch/valid_ccc(aro)__MAX","Scratch | soft | val=1 - epoch/valid_ccc(val)","Scratch | soft | val=1 - epoch/valid_ccc(val)__MIN","Scratch | soft | val=1 - epoch/valid_ccc(val)__MAX","Scratch | soft | val=1 - epoch/valid_macrof1","Scratch | soft | val=1 - epoch/valid_macrof1__MIN","Scratch | soft | val=1 - epoch/valid_macrof1__MAX","Scratch | soft | val=1 - epoch/valid_microf1","Scratch | soft | val=1 - epoch/valid_microf1__MIN","Scratch | soft | val=1 - epoch/valid_microf1__MAX","Scratch | soft | val=0 - _step","Scratch | soft | val=0 - _step__MIN","Scratch | soft | val=0 - _step__MAX","Scratch | soft | val=0 - epoch/valid_acc","Scratch | soft | val=0 - epoch/valid_acc__MIN","Scratch | soft | val=0 - epoch/valid_acc__MAX","Scratch | soft | val=0 - epoch/valid_ccc(aro)","Scratch | soft | val=0 - epoch/valid_ccc(aro)__MIN","Scratch | soft | val=0 - epoch/valid_ccc(aro)__MAX","Scratch | soft | val=0 - epoch/valid_ccc(val)","Scratch | soft | val=0 - epoch/valid_ccc(val)__MIN","Scratch | soft | val=0 - epoch/valid_ccc(val)__MAX","Scratch | soft | val=0 - epoch/valid_macrof1","Scratch | soft | val=0 - epoch/valid_macrof1__MIN","Scratch | soft | val=0 - epoch/valid_macrof1__MAX","Scratch | soft | val=0 - epoch/valid_microf1","Scratch | soft | val=0 - epoch/valid_microf1__MIN","Scratch | soft | val=0 - epoch/valid_microf1__MAX","Scratch | peakl | val=4 - _step","Scratch | peakl | val=4 - _step__MIN","Scratch | peakl | val=4 - _step__MAX","Scratch | peakl | val=4 - epoch/valid_acc","Scratch | peakl | val=4 - epoch/valid_acc__MIN","Scratch | peakl | val=4 - epoch/valid_acc__MAX","Scratch | peakl | val=4 - epoch/valid_ccc(aro)","Scratch | peakl | val=4 - epoch/valid_ccc(aro)__MIN","Scratch | peakl | val=4 - epoch/valid_ccc(aro)__MAX","Scratch | peakl | val=4 - epoch/valid_ccc(val)","Scratch | peakl | val=4 - epoch/valid_ccc(val)__MIN","Scratch | peakl | val=4 - epoch/valid_ccc(val)__MAX","Scratch | peakl | val=4 - epoch/valid_macrof1","Scratch | peakl | val=4 - epoch/valid_macrof1__MIN","Scratch | peakl | val=4 - epoch/valid_macrof1__MAX","Scratch | peakl | val=4 - epoch/valid_microf1","Scratch | peakl | val=4 - epoch/valid_microf1__MIN","Scratch | peakl | val=4 - epoch/valid_microf1__MAX","Scratch | peakl | val=3 - _step","Scratch | peakl | val=3 - _step__MIN","Scratch | peakl | val=3 - _step__MAX","Scratch | peakl | val=3 - epoch/valid_acc","Scratch | peakl | val=3 - epoch/valid_acc__MIN","Scratch | peakl | val=3 - epoch/valid_acc__MAX","Scratch | peakl | val=3 - epoch/valid_ccc(aro)","Scratch | peakl | val=3 - epoch/valid_ccc(aro)__MIN","Scratch | peakl | val=3 - epoch/valid_ccc(aro)__MAX","Scratch | peakl | val=3 - epoch/valid_ccc(val)","Scratch | peakl | val=3 - epoch/valid_ccc(val)__MIN","Scratch | peakl | val=3 - epoch/valid_ccc(val)__MAX","Scratch | peakl | val=3 - epoch/valid_macrof1","Scratch | peakl | val=3 - epoch/valid_macrof1__MIN","Scratch | peakl | val=3 - epoch/valid_macrof1__MAX","Scratch | peakl | val=3 - epoch/valid_microf1","Scratch | peakl | val=3 - epoch/valid_microf1__MIN","Scratch | peakl | val=3 - epoch/valid_microf1__MAX","Scratch | peakl | val=2 - _step","Scratch | peakl | val=2 - _step__MIN","Scratch | peakl | val=2 - _step__MAX","Scratch | peakl | val=2 - epoch/valid_acc","Scratch | peakl | val=2 - epoch/valid_acc__MIN","Scratch | peakl | val=2 - epoch/valid_acc__MAX","Scratch | peakl | val=2 - epoch/valid_ccc(aro)","Scratch | peakl | val=2 - epoch/valid_ccc(aro)__MIN","Scratch | peakl | val=2 - epoch/valid_ccc(aro)__MAX","Scratch | peakl | val=2 - epoch/valid_ccc(val)","Scratch | peakl | val=2 - epoch/valid_ccc(val)__MIN","Scratch | peakl | val=2 - epoch/valid_ccc(val)__MAX","Scratch | peakl | val=2 - epoch/valid_macrof1","Scratch | peakl | val=2 - epoch/valid_macrof1__MIN","Scratch | peakl | val=2 - epoch/valid_macrof1__MAX","Scratch | peakl | val=2 - epoch/valid_microf1","Scratch | peakl | val=2 - epoch/valid_microf1__MIN","Scratch | peakl | val=2 - epoch/valid_microf1__MAX","Scratch | peakl | val=1 - _step","Scratch | peakl | val=1 - _step__MIN","Scratch | peakl | val=1 - _step__MAX","Scratch | peakl | val=1 - epoch/valid_acc","Scratch | peakl | val=1 - epoch/valid_acc__MIN","Scratch | peakl | val=1 - epoch/valid_acc__MAX","Scratch | peakl | val=1 - epoch/valid_ccc(aro)","Scratch | peakl | val=1 - epoch/valid_ccc(aro)__MIN","Scratch | peakl | val=1 - epoch/valid_ccc(aro)__MAX","Scratch | peakl | val=1 - epoch/valid_ccc(val)","Scratch | peakl | val=1 - epoch/valid_ccc(val)__MIN","Scratch | peakl | val=1 - epoch/valid_ccc(val)__MAX","Scratch | peakl | val=1 - epoch/valid_macrof1","Scratch | peakl | val=1 - epoch/valid_macrof1__MIN","Scratch | peakl | val=1 - epoch/valid_macrof1__MAX","Scratch | peakl | val=1 - epoch/valid_microf1","Scratch | peakl | val=1 - epoch/valid_microf1__MIN","Scratch | peakl | val=1 - epoch/valid_microf1__MAX","Scratch | peakl | val=0 - _step","Scratch | peakl | val=0 - _step__MIN","Scratch | peakl | val=0 - _step__MAX","Scratch | peakl | val=0 - epoch/valid_acc","Scratch | peakl | val=0 - epoch/valid_acc__MIN","Scratch | peakl | val=0 - epoch/valid_acc__MAX","Scratch | peakl | val=0 - epoch/valid_ccc(aro)","Scratch | peakl | val=0 - epoch/valid_ccc(aro)__MIN","Scratch | peakl | val=0 - epoch/valid_ccc(aro)__MAX","Scratch | peakl | val=0 - epoch/valid_ccc(val)","Scratch | peakl | val=0 - epoch/valid_ccc(val)__MIN","Scratch | peakl | val=0 - epoch/valid_ccc(val)__MAX","Scratch | peakl | val=0 - epoch/valid_macrof1","Scratch | peakl | val=0 - epoch/valid_macrof1__MIN","Scratch | peakl | val=0 - epoch/valid_macrof1__MAX","Scratch | peakl | val=0 - epoch/valid_microf1","Scratch | peakl | val=0 - epoch/valid_microf1__MIN","Scratch | peakl | val=0 - epoch/valid_microf1__MAX"
"0","665","665","665","0.8236426115036011","0.8236426115036011","0.8236426115036011","0.7188448905944824","0.7188448905944824","0.7188448905944824","0.7932882905006409","0.7932882905006409","0.7932882905006409","0.559033989906311","0.559033989906311","0.559033989906311","0.8236426115036011","0.8236426115036011","0.8236426115036011","642","642","642","0.8092898726463318","0.8092898726463318","0.8092898726463318","0.6889815926551819","0.6889815926551819","0.6889815926551819","0.7268182635307312","0.7268182635307312","0.7268182635307312","0.5676315426826477","0.5676315426826477","0.5676315426826477","0.8092898726463318","0.8092898726463318","0.8092898726463318","598","598","598","0.7860756516456604","0.7860756516456604","0.7860756516456604","0.7103610634803772","0.7103610634803772","0.7103610634803772","0.794022262096405","0.794022262096405","0.794022262096405","0.5684365034103394","0.5684365034103394","0.5684365034103394","0.7860756516456604","0.7860756516456604","0.7860756516456604","660","660","660","0.8029085993766785","0.8029085993766785","0.8029085993766785","0.6986905932426453","0.6986905932426453","0.6986905932426453","0.7871444225311279","0.7871444225311279","0.7871444225311279","0.5792735815048218","0.5792735815048218","0.5792735815048218","0.8029085993766785","0.8029085993766785","0.8029085993766785","610","610","610","0.8303696513175964","0.8303696513175964","0.8303696513175964","0.7037484645843506","0.7037484645843506","0.7037484645843506","0.7932878732681274","0.7932878732681274","0.7932878732681274","0.6355845928192139","0.6355845928192139","0.6355845928192139","0.8303696513175964","0.8303696513175964","0.8303696513175964","665","665","665","0.8311244249343872","0.8311244249343872","0.8311244249343872","0.6980854868888855","0.6980854868888855","0.6980854868888855","0.7618322372436523","0.7618322372436523","0.7618322372436523","0.5837433338165283","0.5837433338165283","0.5837433338165283","0.8311244249343872","0.8311244249343872","0.8311244249343872","642","642","642","0.813086211681366","0.813086211681366","0.813086211681366","0.6811322569847107","0.6811322569847107","0.6811322569847107","0.7434793710708618","0.7434793710708618","0.7434793710708618","0.600354790687561","0.600354790687561","0.600354790687561","0.813086211681366","0.813086211681366","0.813086211681366","598","598","598","0.7916164994239807","0.7916164994239807","0.7916164994239807","0.715834379196167","0.715834379196167","0.715834379196167","0.790058970451355","0.790058970451355","0.790058970451355","0.5969828367233276","0.5969828367233276","0.5969828367233276","0.7916164994239807","0.7916164994239807","0.7916164994239807","660","660","660","0.7974820733070374","0.7974820733070374","0.7974820733070374","0.6864761114120483","0.6864761114120483","0.6864761114120483","0.7744866013526917","0.7744866013526917","0.7744866013526917","0.5724398493766785","0.5724398493766785","0.5724398493766785","0.7974820733070374","0.7974820733070374","0.7974820733070374","610","610","610","0.8296677470207214","0.8296677470207214","0.8296677470207214","0.7100247740745544","0.7100247740745544","0.7100247740745544","0.7935904860496521","0.7935904860496521","0.7935904860496521","0.6251729726791382","0.6251729726791382","0.6251729726791382","0.8296677470207214","0.8296677470207214","0.8296677470207214"
"1","1331","1331","1331","0.8463018536567688","0.8463018536567688","0.8463018536567688","0.7003657817840576","0.7003657817840576","0.7003657817840576","0.7908827066421509","0.7908827066421509","0.7908827066421509","0.6532124876976013","0.6532124876976013","0.6532124876976013","0.8463018536567688","0.8463018536567688","0.8463018536567688","1285","1285","1285","0.8255918025970459","0.8255918025970459","0.8255918025970459","0.7532829642295837","0.7532829642295837","0.7532829642295837","0.8115934729576111","0.8115934729576111","0.8115934729576111","0.6466489434242249","0.6466489434242249","0.6466489434242249","0.8255918025970459","0.8255918025970459","0.8255918025970459","1199","1199","1199","0.8029390573501587","0.8029390573501587","0.8029390573501587","0.7912710309028625","0.7912710309028625","0.7912710309028625","0.8315715193748474","0.8315715193748474","0.8315715193748474","0.6620917320251465","0.6620917320251465","0.6620917320251465","0.8029390573501587","0.8029390573501587","0.8029390573501587","1321","1321","1321","0.8224440813064575","0.8224440813064575","0.8224440813064575","0.6664450168609619","0.6664450168609619","0.6664450168609619","0.7703233957290649","0.7703233957290649","0.7703233957290649","0.6333892345428467","0.6333892345428467","0.6333892345428467","0.8224440813064575","0.8224440813064575","0.8224440813064575","1223","1223","1223","0.8378568291664124","0.8378568291664124","0.8378568291664124","0.7746736407279968","0.7746736407279968","0.7746736407279968","0.7962294220924377","0.7962294220924377","0.7962294220924377","0.6566490530967712","0.6566490530967712","0.6566490530967712","0.8378568291664124","0.8378568291664124","0.8378568291664124","1331","1331","1331","0.8377511501312256","0.8377511501312256","0.8377511501312256","0.7213432788848877","0.7213432788848877","0.7213432788848877","0.7808704972267151","0.7808704972267151","0.7808704972267151","0.6357969045639038","0.6357969045639038","0.6357969045639038","0.8377511501312256","0.8377511501312256","0.8377511501312256","1285","1285","1285","0.8217954635620117","0.8217954635620117","0.8217954635620117","0.7483184933662415","0.7483184933662415","0.7483184933662415","0.8119131326675415","0.8119131326675415","0.8119131326675415","0.6451829075813293","0.6451829075813293","0.6451829075813293","0.8217954635620117","0.8217954635620117","0.8217954635620117","1199","1199","1199","0.8104071021080017","0.8104071021080017","0.8104071021080017","0.786414384841919","0.786414384841919","0.786414384841919","0.8353641033172607","0.8353641033172607","0.8353641033172607","0.6691087484359741","0.6691087484359741","0.6691087484359741","0.8104071021080017","0.8104071021080017","0.8104071021080017","1321","1321","1321","0.8159322738647461","0.8159322738647461","0.8159322738647461","0.6621102094650269","0.6621102094650269","0.6621102094650269","0.7845175266265869","0.7845175266265869","0.7845175266265869","0.6288026571273804","0.6288026571273804","0.6288026571273804","0.8159322738647461","0.8159322738647461","0.8159322738647461","1223","1223","1223","0.8383247256278992","0.8383247256278992","0.8383247256278992","0.726093590259552","0.726093590259552","0.726093590259552","0.8076478838920593","0.8076478838920593","0.8076478838920593","0.662587583065033","0.662587583065033","0.662587583065033","0.8383247256278992","0.8383247256278992","0.8383247256278992"
"2","1997","1997","1997","0.8629756569862366","0.8629756569862366","0.8629756569862366","0.7861818075180054","0.7861818075180054","0.7861818075180054","0.8307519555091858","0.8307519555091858","0.8307519555091858","0.7016765475273132","0.7016765475273132","0.7016765475273132","0.8629756569862366","0.8629756569862366","0.8629756569862366","1930","1930","1930","0.8548459410667419","0.8548459410667419","0.8548459410667419","0.7793618440628052","0.7793618440628052","0.7793618440628052","0.8559312224388123","0.8559312224388123","0.8559312224388123","0.7067386507987976","0.7067386507987976","0.7067386507987976","0.8548459410667419","0.8548459410667419","0.8548459410667419","1800","1800","1800","0.8253433108329773","0.8253433108329773","0.8253433108329773","0.8220102787017822","0.8220102787017822","0.8220102787017822","0.8602273464202881","0.8602273464202881","0.8602273464202881","0.7044142484664917","0.7044142484664917","0.7044142484664917","0.8253433108329773","0.8253433108329773","0.8253433108329773","1982","1982","1982","0.8369871973991394","0.8369871973991394","0.8369871973991394","0.7867985367774963","0.7867985367774963","0.7867985367774963","0.828321099281311","0.828321099281311","0.828321099281311","0.6610701084136963","0.6610701084136963","0.6610701084136963","0.8369871973991394","0.8369871973991394","0.8369871973991394","1836","1836","1836","0.8467477560043335","0.8467477560043335","0.8467477560043335","0.7920321822166443","0.7920321822166443","0.7920321822166443","0.8481016159057617","0.8481016159057617","0.8481016159057617","0.6749564409255981","0.6749564409255981","0.6749564409255981","0.8467477560043335","0.8467477560043335","0.8467477560043335","1997","1997","1997","0.8606241941452026","0.8606241941452026","0.8606241941452026","0.7864428758621216","0.7864428758621216","0.7864428758621216","0.8291127681732178","0.8291127681732178","0.8291127681732178","0.6941193342208862","0.6941193342208862","0.6941193342208862","0.8606241941452026","0.8606241941452026","0.8606241941452026","1930","1930","1930","0.8530594110488892","0.8530594110488892","0.8530594110488892","0.7774497270584106","0.7774497270584106","0.7774497270584106","0.8557438254356384","0.8557438254356384","0.8557438254356384","0.7060389518737793","0.7060389518737793","0.7060389518737793","0.8530594110488892","0.8530594110488892","0.8530594110488892","1800","1800","1800","0.8258250951766968","0.8258250951766968","0.8258250951766968","0.8216344118118286","0.8216344118118286","0.8216344118118286","0.8579477071762085","0.8579477071762085","0.8579477071762085","0.6976389288902283","0.6976389288902283","0.6976389288902283","0.8258250951766968","0.8258250951766968","0.8258250951766968","1982","1982","1982","0.8387236595153809","0.8387236595153809","0.8387236595153809","0.7804572582244873","0.7804572582244873","0.7804572582244873","0.833916425704956","0.833916425704956","0.833916425704956","0.6715642213821411","0.6715642213821411","0.6715642213821411","0.8387236595153809","0.8387236595153809","0.8387236595153809","1836","1836","1836","0.8488535284996033","0.8488535284996033","0.8488535284996033","0.7891756892204285","0.7891756892204285","0.7891756892204285","0.8482040762901306","0.8482040762901306","0.8482040762901306","0.6797363758087158","0.6797363758087158","0.6797363758087158","0.8488535284996033","0.8488535284996033","0.8488535284996033"
"3","2663","2663","2663","0.850577175617218","0.850577175617218","0.850577175617218","0.8068050742149353","0.8068050742149353","0.8068050742149353","0.815051257610321","0.815051257610321","0.815051257610321","0.6671572923660278","0.6671572923660278","0.6671572923660278","0.850577175617218","0.850577175617218","0.850577175617218","2573","2573","2573","0.8526127934455872","0.8526127934455872","0.8526127934455872","0.7785247564315796","0.7785247564315796","0.7785247564315796","0.8582172393798828","0.8582172393798828","0.8582172393798828","0.7197202444076538","0.7197202444076538","0.7197202444076538","0.8526127934455872","0.8526127934455872","0.8526127934455872","2401","2401","2401","0.8132979869842529","0.8132979869842529","0.8132979869842529","0.7982690930366516","0.7982690930366516","0.7982690930366516","0.8497293591499329","0.8497293591499329","0.8497293591499329","0.6857765316963196","0.6857765316963196","0.6857765316963196","0.8132979869842529","0.8132979869842529","0.8132979869842529","2643","2643","2643","0.8359019160270691","0.8359019160270691","0.8359019160270691","0.7427857518196106","0.7427857518196106","0.7427857518196106","0.8268064856529236","0.8268064856529236","0.8268064856529236","0.6782984733581543","0.6782984733581543","0.6782984733581543","0.8359019160270691","0.8359019160270691","0.8359019160270691","2447","2447","2447","0.8476836681365967","0.8476836681365967","0.8476836681365967","0.8093146085739136","0.8093146085739136","0.8093146085739136","0.8103094696998596","0.8103094696998596","0.8103094696998596","0.6709438562393188","0.6709438562393188","0.6709438562393188","0.8476836681365967","0.8476836681365967","0.8476836681365967","2663","2663","2663","0.8490808010101318","0.8490808010101318","0.8490808010101318","0.7850081920623779","0.7850081920623779","0.7850081920623779","0.8145968317985535","0.8145968317985535","0.8145968317985535","0.6528033018112183","0.6528033018112183","0.6528033018112183","0.8490808010101318","0.8490808010101318","0.8490808010101318","2573","2573","2573","0.8463599681854248","0.8463599681854248","0.8463599681854248","0.7824689149856567","0.7824689149856567","0.7824689149856567","0.85566645860672","0.85566645860672","0.85566645860672","0.7085051536560059","0.7085051536560059","0.7085051536560059","0.8463599681854248","0.8463599681854248","0.8463599681854248","2401","2401","2401","0.8190797567367554","0.8190797567367554","0.8190797567367554","0.7959945201873779","0.7959945201873779","0.7959945201873779","0.8435401916503906","0.8435401916503906","0.8435401916503906","0.6820172071456909","0.6820172071456909","0.6820172071456909","0.8190797567367554","0.8190797567367554","0.8190797567367554","2643","2643","2643","0.8289559483528137","0.8289559483528137","0.8289559483528137","0.7374208569526672","0.7374208569526672","0.7374208569526672","0.8182713985443115","0.8182713985443115","0.8182713985443115","0.660639226436615","0.660639226436615","0.660639226436615","0.8289559483528137","0.8289559483528137","0.8289559483528137","2447","2447","2447","0.8425362706184387","0.8425362706184387","0.8425362706184387","0.7928740978240967","0.7928740978240967","0.7928740978240967","0.8215530514717102","0.8215530514717102","0.8215530514717102","0.6736979484558105","0.6736979484558105","0.6736979484558105","0.8425362706184387","0.8425362706184387","0.8425362706184387"
"4","3329","3329","3329","0.8625481128692627","0.8625481128692627","0.8625481128692627","0.824945867061615","0.824945867061615","0.824945867061615","0.8364225625991821","0.8364225625991821","0.8364225625991821","0.693411648273468","0.693411648273468","0.693411648273468","0.8625481128692627","0.8625481128692627","0.8625481128692627","3216","3216","3216","0.8517194986343384","0.8517194986343384","0.8517194986343384","0.8108603954315186","0.8108603954315186","0.8108603954315186","0.8675515651702881","0.8675515651702881","0.8675515651702881","0.7178724408149719","0.7178724408149719","0.7178724408149719","0.8517194986343384","0.8517194986343384","0.8517194986343384","3002","3002","3002","0.8272705078125","0.8272705078125","0.8272705078125","0.8273693919181824","0.8273693919181824","0.8273693919181824","0.869555652141571","0.869555652141571","0.869555652141571","0.7002031207084656","0.7002031207084656","0.7002031207084656","0.8272705078125","0.8272705078125","0.8272705078125","3306","3306","3306","0.8402431011199951","0.8402431011199951","0.8402431011199951","0.7917802929878235","0.7917802929878235","0.7917802929878235","0.8276347517967224","0.8276347517967224","0.8276347517967224","0.6746113300323486","0.6746113300323486","0.6746113300323486","0.8402431011199951","0.8402431011199951","0.8402431011199951","3060","3060","3060","0.850959300994873","0.850959300994873","0.850959300994873","0.7875646948814392","0.7875646948814392","0.7875646948814392","0.8382862210273743","0.8382862210273743","0.8382862210273743","0.6766520738601685","0.6766520738601685","0.6766520738601685","0.850959300994873","0.850959300994873","0.850959300994873","3329","3329","3329","0.8576314449310303","0.8576314449310303","0.8576314449310303","0.8083184957504272","0.8083184957504272","0.8083184957504272","0.8301671147346497","0.8301671147346497","0.8301671147346497","0.6775892972946167","0.6775892972946167","0.6775892972946167","0.8576314449310303","0.8576314449310303","0.8576314449310303","3216","3216","3216","0.8564091324806213","0.8564091324806213","0.8564091324806213","0.7798501253128052","0.7798501253128052","0.7798501253128052","0.8602429032325745","0.8602429032325745","0.8602429032325745","0.7304675579071045","0.7304675579071045","0.7304675579071045","0.8564091324806213","0.8564091324806213","0.8564091324806213","3002","3002","3002","0.8243796825408936","0.8243796825408936","0.8243796825408936","0.8361260294914246","0.8361260294914246","0.8361260294914246","0.8652746081352234","0.8652746081352234","0.8652746081352234","0.7013930082321167","0.7013930082321167","0.7013930082321167","0.8243796825408936","0.8243796825408936","0.8243796825408936","3306","3306","3306","0.8352506756782532","0.8352506756782532","0.8352506756782532","0.781676709651947","0.781676709651947","0.781676709651947","0.8350998759269714","0.8350998759269714","0.8350998759269714","0.6752656698226929","0.6752656698226929","0.6752656698226929","0.8352506756782532","0.8352506756782532","0.8352506756782532","3060","3060","3060","0.8472157120704651","0.8472157120704651","0.8472157120704651","0.7910373210906982","0.7910373210906982","0.7910373210906982","0.8379287123680115","0.8379287123680115","0.8379287123680115","0.6772283315658569","0.6772283315658569","0.6772283315658569","0.8472157120704651","0.8472157120704651","0.8472157120704651"
"5","3995","3995","3995","0.8623343110084534","0.8623343110084534","0.8623343110084534","0.7980751395225525","0.7980751395225525","0.7980751395225525","0.8455740809440613","0.8455740809440613","0.8455740809440613","0.6998915672302246","0.6998915672302246","0.6998915672302246","0.8623343110084534","0.8623343110084534","0.8623343110084534","3861","3861","3861","0.8597587943077087","0.8597587943077087","0.8597587943077087","0.7849922776222229","0.7849922776222229","0.7849922776222229","0.8652947545051575","0.8652947545051575","0.8652947545051575","0.7262258529663086","0.7262258529663086","0.7262258529663086","0.8597587943077087","0.8597587943077087","0.8597587943077087","3601","3601","3601","0.8289569020271301","0.8289569020271301","0.8289569020271301","0.8413853645324707","0.8413853645324707","0.8413853645324707","0.873482882976532","0.873482882976532","0.873482882976532","0.7196553945541382","0.7196553945541382","0.7196553945541382","0.8289569020271301","0.8289569020271301","0.8289569020271301","3967","3967","3967","0.8452355265617371","0.8452355265617371","0.8452355265617371","0.8060997128486633","0.8060997128486633","0.8060997128486633","0.8411582112312317","0.8411582112312317","0.8411582112312317","0.6785674095153809","0.6785674095153809","0.6785674095153809","0.8452355265617371","0.8452355265617371","0.8452355265617371","3673","3673","3673","0.8481516242027283","0.8481516242027283","0.8481516242027283","0.8106043934822083","0.8106043934822083","0.8106043934822083","0.8523604869842529","0.8523604869842529","0.8523604869842529","0.6828778386116028","0.6828778386116028","0.6828778386116028","0.8481516242027283","0.8481516242027283","0.8481516242027283","3995","3995","3995","0.8625481128692627","0.8625481128692627","0.8625481128692627","0.8049172163009644","0.8049172163009644","0.8049172163009644","0.8445203900337219","0.8445203900337219","0.8445203900337219","0.6947900652885437","0.6947900652885437","0.6947900652885437","0.8625481128692627","0.8625481128692627","0.8625481128692627","3861","3861","3861","0.8595355153083801","0.8595355153083801","0.8595355153083801","0.7801017761230469","0.7801017761230469","0.7801017761230469","0.8636906147003174","0.8636906147003174","0.8636906147003174","0.7360656261444092","0.7360656261444092","0.7360656261444092","0.8595355153083801","0.8595355153083801","0.8595355153083801","3601","3601","3601","0.826306939125061","0.826306939125061","0.826306939125061","0.8407223224639893","0.8407223224639893","0.8407223224639893","0.871329665184021","0.871329665184021","0.871329665184021","0.7137738466262817","0.7137738466262817","0.7137738466262817","0.826306939125061","0.826306939125061","0.826306939125061","3967","3967","3967","0.8454525470733643","0.8454525470733643","0.8454525470733643","0.8021132349967957","0.8021132349967957","0.8021132349967957","0.843643307685852","0.843643307685852","0.843643307685852","0.6814196109771729","0.6814196109771729","0.6814196109771729","0.8454525470733643","0.8454525470733643","0.8454525470733643","3673","3673","3673","0.8490874767303467","0.8490874767303467","0.8490874767303467","0.811572790145874","0.811572790145874","0.811572790145874","0.8550333380699158","0.8550333380699158","0.8550333380699158","0.6839531660079956","0.6839531660079956","0.6839531660079956","0.8490874767303467","0.8490874767303467","0.8490874767303467"
"6","4663","4663","4663","0.8510047197341919","0.8510047197341919","0.8510047197341919","0.7925167083740234","0.7925167083740234","0.7925167083740234","0.835513174533844","0.835513174533844","0.835513174533844","0.6707544326782227","0.6707544326782227","0.6707544326782227","0.8510047197341919","0.8510047197341919","0.8510047197341919","4504","4504","4504","0.8472532629966736","0.8472532629966736","0.8472532629966736","0.7446213364601135","0.7446213364601135","0.7446213364601135","0.8453646898269653","0.8453646898269653","0.8453646898269653","0.6871725916862488","0.6871725916862488","0.6871725916862488","0.8472532629966736","0.8472532629966736","0.8472532629966736","4202","4202","4202","0.7947482466697693","0.7947482466697693","0.7947482466697693","0.8215513229370117","0.8215513229370117","0.8215513229370117","0.8590902090072632","0.8590902090072632","0.8590902090072632","0.6816742420196533","0.6816742420196533","0.6816742420196533","0.7947482466697693","0.7947482466697693","0.7947482466697693","4628","4628","4628","0.8202735185623169","0.8202735185623169","0.8202735185623169","0.7632830739021301","0.7632830739021301","0.7632830739021301","0.8152451515197754","0.8152451515197754","0.8152451515197754","0.6352316737174988","0.6352316737174988","0.6352316737174988","0.8202735185623169","0.8202735185623169","0.8202735185623169","4284","4284","4284","0.8369209170341492","0.8369209170341492","0.8369209170341492","0.7689661979675293","0.7689661979675293","0.7689661979675293","0.8335681557655334","0.8335681557655334","0.8335681557655334","0.6596713066101074","0.6596713066101074","0.6596713066101074","0.8369209170341492","0.8369209170341492","0.8369209170341492","4663","4663","4663","0.8495083451271057","0.8495083451271057","0.8495083451271057","0.7692601680755615","0.7692601680755615","0.7692601680755615","0.8256750702857971","0.8256750702857971","0.8256750702857971","0.6798954010009766","0.6798954010009766","0.6798954010009766","0.8495083451271057","0.8495083451271057","0.8495083451271057","4504","4504","4504","0.8499330282211304","0.8499330282211304","0.8499330282211304","0.7634970545768738","0.7634970545768738","0.7634970545768738","0.8471254110336304","0.8471254110336304","0.8471254110336304","0.7105518579483032","0.7105518579483032","0.7105518579483032","0.8499330282211304","0.8499330282211304","0.8499330282211304","4202","4202","4202","0.7942664623260498","0.7942664623260498","0.7942664623260498","0.8158179521560669","0.8158179521560669","0.8158179521560669","0.8594025373458862","0.8594025373458862","0.8594025373458862","0.6692198514938354","0.6692198514938354","0.6692198514938354","0.7942664623260498","0.7942664623260498","0.7942664623260498","4628","4628","4628","0.839591920375824","0.839591920375824","0.839591920375824","0.7594260573387146","0.7594260573387146","0.7594260573387146","0.8066352009773254","0.8066352009773254","0.8066352009773254","0.6534316539764404","0.6534316539764404","0.6534316539764404","0.839591920375824","0.839591920375824","0.839591920375824","4284","4284","4284","0.8254562616348267","0.8254562616348267","0.8254562616348267","0.7742868065834045","0.7742868065834045","0.7742868065834045","0.8350781202316284","0.8350781202316284","0.8350781202316284","0.6451582908630371","0.6451582908630371","0.6451582908630371","0.8254562616348267","0.8254562616348267","0.8254562616348267"
"7","5329","5329","5329","0.8580589890480042","0.8580589890480042","0.8580589890480042","0.8125991821289062","0.8125991821289062","0.8125991821289062","0.837435781955719","0.837435781955719","0.837435781955719","0.6886908411979675","0.6886908411979675","0.6886908411979675","0.8580589890480042","0.8580589890480042","0.8580589890480042","5149","5149","5149","0.856185793876648","0.856185793876648","0.856185793876648","0.7643739581108093","0.7643739581108093","0.7643739581108093","0.856207549571991","0.856207549571991","0.856207549571991","0.7161402702331543","0.7161402702331543","0.7161402702331543","0.856185793876648","0.856185793876648","0.856185793876648","4803","4803","4803","0.8142616152763367","0.8142616152763367","0.8142616152763367","0.8262800574302673","0.8262800574302673","0.8262800574302673","0.8493965268135071","0.8493965268135071","0.8493965268135071","0.7021281123161316","0.7021281123161316","0.7021281123161316","0.8142616152763367","0.8142616152763367","0.8142616152763367","5289","5289","5289","0.839374840259552","0.839374840259552","0.839374840259552","0.7904247641563416","0.7904247641563416","0.7904247641563416","0.8259350657463074","0.8259350657463074","0.8259350657463074","0.660172164440155","0.660172164440155","0.660172164440155","0.839374840259552","0.839374840259552","0.839374840259552","4897","4897","4897","0.8399625420570374","0.8399625420570374","0.8399625420570374","0.7944719195365906","0.7944719195365906","0.7944719195365906","0.8409692645072937","0.8409692645072937","0.8409692645072937","0.6641087532043457","0.6641087532043457","0.6641087532043457","0.8399625420570374","0.8399625420570374","0.8399625420570374","5329","5329","5329","0.8552800416946411","0.8552800416946411","0.8552800416946411","0.8109960556030273","0.8109960556030273","0.8109960556030273","0.8342381119728088","0.8342381119728088","0.8342381119728088","0.6763704419136047","0.6763704419136047","0.6763704419136047","0.8552800416946411","0.8552800416946411","0.8552800416946411","5149","5149","5149","0.8508262634277344","0.8508262634277344","0.8508262634277344","0.7435822486877441","0.7435822486877441","0.7435822486877441","0.8364195227622986","0.8364195227622986","0.8364195227622986","0.7187167406082153","0.7187167406082153","0.7187167406082153","0.8508262634277344","0.8508262634277344","0.8508262634277344","4803","4803","4803","0.8075162768363953","0.8075162768363953","0.8075162768363953","0.8288105726242065","0.8288105726242065","0.8288105726242065","0.8519484400749207","0.8519484400749207","0.8519484400749207","0.6899267435073853","0.6899267435073853","0.6899267435073853","0.8075162768363953","0.8075162768363953","0.8075162768363953","5289","5289","5289","0.839591920375824","0.839591920375824","0.839591920375824","0.7748574018478394","0.7748574018478394","0.7748574018478394","0.8176848292350769","0.8176848292350769","0.8176848292350769","0.6642181873321533","0.6642181873321533","0.6642181873321533","0.839591920375824","0.839591920375824","0.839591920375824","4897","4897","4897","0.8483855724334717","0.8483855724334717","0.8483855724334717","0.8002351522445679","0.8002351522445679","0.8002351522445679","0.8461233377456665","0.8461233377456665","0.8461233377456665","0.675085723400116","0.675085723400116","0.675085723400116","0.8483855724334717","0.8483855724334717","0.8483855724334717"
"8","","","","","","","","","","","","","","","","","","","5792","5792","5792","0.8575257062911987","0.8575257062911987","0.8575257062911987","0.7884045839309692","0.7884045839309692","0.7884045839309692","0.8340744376182556","0.8340744376182556","0.8340744376182556","0.7253663539886475","0.7253663539886475","0.7253663539886475","0.8575257062911987","0.8575257062911987","0.8575257062911987","5404","5404","5404","0.824861466884613","0.824861466884613","0.824861466884613","0.8203815221786499","0.8203815221786499","0.8203815221786499","0.8619202971458435","0.8619202971458435","0.8619202971458435","0.7115346789360046","0.7115346789360046","0.7115346789360046","0.824861466884613","0.824861466884613","0.824861466884613","5950","5950","5950","0.8341653943061829","0.8341653943061829","0.8341653943061829","0.8034059405326843","0.8034059405326843","0.8034059405326843","0.8377806544303894","0.8377806544303894","0.8377806544303894","0.6582335233688354","0.6582335233688354","0.6582335233688354","0.8341653943061829","0.8341653943061829","0.8341653943061829","5510","5510","5510","0.8425362706184387","0.8425362706184387","0.8425362706184387","0.7923918962478638","0.7923918962478638","0.7923918962478638","0.8420609831809998","0.8420609831809998","0.8420609831809998","0.6632809638977051","0.6632809638977051","0.6632809638977051","0.8425362706184387","0.8425362706184387","0.8425362706184387","5995","5995","5995","0.8548524975776672","0.8548524975776672","0.8548524975776672","0.8144406080245972","0.8144406080245972","0.8144406080245972","0.8347269296646118","0.8347269296646118","0.8347269296646118","0.7019884586334229","0.7019884586334229","0.7019884586334229","0.8548524975776672","0.8548524975776672","0.8548524975776672","5792","5792","5792","0.857079029083252","0.857079029083252","0.857079029083252","0.7842608690261841","0.7842608690261841","0.7842608690261841","0.8475243449211121","0.8475243449211121","0.8475243449211121","0.7271409630775452","0.7271409630775452","0.7271409630775452","0.857079029083252","0.857079029083252","0.857079029083252","5404","5404","5404","0.8217297196388245","0.8217297196388245","0.8217297196388245","0.8272677063941956","0.8272677063941956","0.8272677063941956","0.8651944994926453","0.8651944994926453","0.8651944994926453","0.7073186635971069","0.7073186635971069","0.7073186635971069","0.8217297196388245","0.8217297196388245","0.8217297196388245","5950","5950","5950","0.8324289321899414","0.8324289321899414","0.8324289321899414","0.7989342212677002","0.7989342212677002","0.7989342212677002","0.8347328901290894","0.8347328901290894","0.8347328901290894","0.6584491729736328","0.6584491729736328","0.6584491729736328","0.8324289321899414","0.8324289321899414","0.8324289321899414","5510","5510","5510","0.8493214845657349","0.8493214845657349","0.8493214845657349","0.7933911085128784","0.7933911085128784","0.7933911085128784","0.8542361259460449","0.8542361259460449","0.8542361259460449","0.6881166100502014","0.6881166100502014","0.6881166100502014","0.8493214845657349","0.8493214845657349","0.8493214845657349"
"9","","","","","","","","","","","","","","","","","","","6435","6435","6435","0.8588655591011047","0.8588655591011047","0.8588655591011047","0.7825337648391724","0.7825337648391724","0.7825337648391724","0.8544275164604187","0.8544275164604187","0.8544275164604187","0.7257910966873169","0.7257910966873169","0.7257910966873169","0.8588655591011047","0.8588655591011047","0.8588655591011047","6005","6005","6005","0.8277523517608643","0.8277523517608643","0.8277523517608643","0.8397074937820435","0.8397074937820435","0.8397074937820435","0.8752021193504333","0.8752021193504333","0.8752021193504333","0.715224027633667","0.715224027633667","0.715224027633667","0.8277523517608643","0.8277523517608643","0.8277523517608643","6613","6613","6613","0.8452355265617371","0.8452355265617371","0.8452355265617371","0.798140287399292","0.798140287399292","0.798140287399292","0.8384184837341309","0.8384184837341309","0.8384184837341309","0.6708459258079529","0.6708459258079529","0.6708459258079529","0.8452355265617371","0.8452355265617371","0.8452355265617371","6123","6123","6123","0.8465138077735901","0.8465138077735901","0.8465138077735901","0.8003717064857483","0.8003717064857483","0.8003717064857483","0.840202271938324","0.840202271938324","0.840202271938324","0.6746019124984741","0.6746019124984741","0.6746019124984741","0.8465138077735901","0.8465138077735901","0.8465138077735901","6661","6661","6661","0.8642582297325134","0.8642582297325134","0.8642582297325134","0.8153979182243347","0.8153979182243347","0.8153979182243347","0.8463905453681946","0.8463905453681946","0.8463905453681946","0.7073819041252136","0.7073819041252136","0.7073819041252136","0.8642582297325134","0.8642582297325134","0.8642582297325134","6435","6435","6435","0.8568557500839233","0.8568557500839233","0.8568557500839233","0.7744339108467102","0.7744339108467102","0.7744339108467102","0.8577972650527954","0.8577972650527954","0.8577972650527954","0.7175852060317993","0.7175852060317993","0.7175852060317993","0.8568557500839233","0.8568557500839233","0.8568557500839233","6005","6005","6005","0.8265478014945984","0.8265478014945984","0.8265478014945984","0.8393585085868835","0.8393585085868835","0.8393585085868835","0.8772047758102417","0.8772047758102417","0.8772047758102417","0.7144505381584167","0.7144505381584167","0.7144505381584167","0.8265478014945984","0.8265478014945984","0.8265478014945984","6613","6613","6613","0.8413284420967102","0.8413284420967102","0.8413284420967102","0.7752636671066284","0.7752636671066284","0.7752636671066284","0.8348308205604553","0.8348308205604553","0.8348308205604553","0.6777348518371582","0.6777348518371582","0.6777348518371582","0.8413284420967102","0.8413284420967102","0.8413284420967102","6123","6123","6123","0.8486195802688599","0.8486195802688599","0.8486195802688599","0.7896446585655212","0.7896446585655212","0.7896446585655212","0.8594381213188171","0.8594381213188171","0.8594381213188171","0.6834557056427002","0.6834557056427002","0.6834557056427002","0.8486195802688599","0.8486195802688599","0.8486195802688599"
"10","","","","","","","","","","","","","","","","","","","7080","7080","7080","0.8613220453262329","0.8613220453262329","0.8613220453262329","0.8061461448669434","0.8061461448669434","0.8061461448669434","0.8660677075386047","0.8660677075386047","0.8660677075386047","0.7233686447143555","0.7233686447143555","0.7233686447143555","0.8613220453262329","0.8613220453262329","0.8613220453262329","6606","6606","6606","0.8306432366371155","0.8306432366371155","0.8306432366371155","0.8393499255180359","0.8393499255180359","0.8393499255180359","0.8740498423576355","0.8740498423576355","0.8740498423576355","0.7182457447052002","0.7182457447052002","0.7182457447052002","0.8306432366371155","0.8306432366371155","0.8306432366371155","7274","7274","7274","0.8330801129341125","0.8330801129341125","0.8330801129341125","0.8077790141105652","0.8077790141105652","0.8077790141105652","0.8453467488288879","0.8453467488288879","0.8453467488288879","0.650913417339325","0.650913417339325","0.650913417339325","0.8330801129341125","0.8330801129341125","0.8330801129341125","","","","","","","","","","","","","","","","","","","7327","7327","7327","0.8659683465957642","0.8659683465957642","0.8659683465957642","0.8370323777198792","0.8370323777198792","0.8370323777198792","0.8522869348526001","0.8522869348526001","0.8522869348526001","0.7058833837509155","0.7058833837509155","0.7058833837509155","0.8659683465957642","0.8659683465957642","0.8659683465957642","7080","7080","7080","0.8615453243255615","0.8615453243255615","0.8615453243255615","0.7980308532714844","0.7980308532714844","0.7980308532714844","0.8639789819717407","0.8639789819717407","0.8639789819717407","0.7284500002861023","0.7284500002861023","0.7284500002861023","0.8615453243255615","0.8615453243255615","0.8615453243255615","6606","6606","6606","0.8284750580787659","0.8284750580787659","0.8284750580787659","0.8389090299606323","0.8389090299606323","0.8389090299606323","0.8729565143585205","0.8729565143585205","0.8729565143585205","0.7144894599914551","0.7144894599914551","0.7144894599914551","0.8284750580787659","0.8284750580787659","0.8284750580787659","7274","7274","7274","0.8411113619804382","0.8411113619804382","0.8411113619804382","0.8093251585960388","0.8093251585960388","0.8093251585960388","0.8401547074317932","0.8401547074317932","0.8401547074317932","0.6677007675170898","0.6677007675170898","0.6677007675170898","0.8411113619804382","0.8411113619804382","0.8411113619804382","6734","6734","6734","0.850959300994873","0.850959300994873","0.850959300994873","0.8011232018470764","0.8011232018470764","0.8011232018470764","0.8565455675125122","0.8565455675125122","0.8565455675125122","0.6844221353530884","0.6844221353530884","0.6844221353530884","0.850959300994873","0.850959300994873","0.850959300994873"
"11","","","","","","","","","","","","","","","","","","","7723","7723","7723","0.8613220453262329","0.8613220453262329","0.8613220453262329","0.8116292953491211","0.8116292953491211","0.8116292953491211","0.8628696203231812","0.8628696203231812","0.8628696203231812","0.7314238548278809","0.7314238548278809","0.7314238548278809","0.8613220453262329","0.8613220453262329","0.8613220453262329","7205","7205","7205","0.8301613926887512","0.8301613926887512","0.8301613926887512","0.8365581035614014","0.8365581035614014","0.8365581035614014","0.8749791383743286","0.8749791383743286","0.8749791383743286","0.719660758972168","0.719660758972168","0.719660758972168","0.8301613926887512","0.8301613926887512","0.8301613926887512","","","","","","","","","","","","","","","","","","","","","","","","","","","","","","","","","","","","","7993","7993","7993","0.8661821484565735","0.8661821484565735","0.8661821484565735","0.8133649826049805","0.8133649826049805","0.8133649826049805","0.8523246049880981","0.8523246049880981","0.8523246049880981","0.7142112255096436","0.7142112255096436","0.7142112255096436","0.8661821484565735","0.8661821484565735","0.8661821484565735","7723","7723","7723","0.8637784719467163","0.8637784719467163","0.8637784719467163","0.8069756031036377","0.8069756031036377","0.8069756031036377","0.8621202707290649","0.8621202707290649","0.8621202707290649","0.7369140386581421","0.7369140386581421","0.7369140386581421","0.8637784719467163","0.8637784719467163","0.8637784719467163","7205","7205","7205","0.8301613926887512","0.8301613926887512","0.8301613926887512","0.8374094367027283","0.8374094367027283","0.8374094367027283","0.877201497554779","0.877201497554779","0.877201497554779","0.7123556137084961","0.7123556137084961","0.7123556137084961","0.8301613926887512","0.8301613926887512","0.8301613926887512","","","","","","","","","","","","","","","","","","","7347","7347","7347","0.8511932492256165","0.8511932492256165","0.8511932492256165","0.8064383268356323","0.8064383268356323","0.8064383268356323","0.8605399131774902","0.8605399131774902","0.8605399131774902","0.6856539249420166","0.6856539249420166","0.6856539249420166","0.8511932492256165","0.8511932492256165","0.8511932492256165"
"12","","","","","","","","","","","","","","","","","","","8368","8368","8368","0.8593121767044067","0.8593121767044067","0.8593121767044067","0.8049724698066711","0.8049724698066711","0.8049724698066711","0.8621050715446472","0.8621050715446472","0.8621050715446472","0.7265434265136719","0.7265434265136719","0.7265434265136719","0.8593121767044067","0.8593121767044067","0.8593121767044067","7806","7806","7806","0.8289569020271301","0.8289569020271301","0.8289569020271301","0.839067280292511","0.839067280292511","0.839067280292511","0.8740488886833191","0.8740488886833191","0.8740488886833191","0.7185729742050171","0.7185729742050171","0.7185729742050171","0.8289569020271301","0.8289569020271301","0.8289569020271301","","","","","","","","","","","","","","","","","","","","","","","","","","","","","","","","","","","","","8661","8661","8661","0.8689610958099365","0.8689610958099365","0.8689610958099365","0.8219285607337952","0.8219285607337952","0.8219285607337952","0.8503842949867249","0.8503842949867249","0.8503842949867249","0.7213153839111328","0.7213153839111328","0.7213153839111328","0.8689610958099365","0.8689610958099365","0.8689610958099365","8368","8368","8368","0.8608753681182861","0.8608753681182861","0.8608753681182861","0.8087385892868042","0.8087385892868042","0.8087385892868042","0.8642801642417908","0.8642801642417908","0.8642801642417908","0.7290664911270142","0.7290664911270142","0.7290664911270142","0.8608753681182861","0.8608753681182861","0.8608753681182861","7806","7806","7806","0.8277523517608643","0.8277523517608643","0.8277523517608643","0.8380135893821716","0.8380135893821716","0.8380135893821716","0.8761190176010132","0.8761190176010132","0.8761190176010132","0.706964910030365","0.706964910030365","0.706964910030365","0.8277523517608643","0.8277523517608643","0.8277523517608643","","","","","","","","","","","","","","","","","","","7960","7960","7960","0.8521291613578796","0.8521291613578796","0.8521291613578796","0.8062519431114197","0.8062519431114197","0.8062519431114197","0.8602622747421265","0.8602622747421265","0.8602622747421265","0.6902896761894226","0.6902896761894226","0.6902896761894226","0.8521291613578796","0.8521291613578796","0.8521291613578796"
"13","","","","","","","","","","","","","","","","","","","9011","9011","9011","0.849263072013855","0.849263072013855","0.849263072013855","0.809209406375885","0.809209406375885","0.809209406375885","0.8504528403282166","0.8504528403282166","0.8504528403282166","0.714378833770752","0.714378833770752","0.714378833770752","0.849263072013855","0.849263072013855","0.849263072013855","8407","8407","8407","0.8284750580787659","0.8284750580787659","0.8284750580787659","0.832331120967865","0.832331120967865","0.832331120967865","0.8681548833847046","0.8681548833847046","0.8681548833847046","0.7067307829856873","0.7067307829856873","0.7067307829856873","0.8284750580787659","0.8284750580787659","0.8284750580787659","","","","","","","","","","","","","","","","","","","","","","","","","","","","","","","","","","","","","9327","9327","9327","0.8546387553215027","0.8546387553215027","0.8546387553215027","0.8000520467758179","0.8000520467758179","0.8000520467758179","0.8399487733840942","0.8399487733840942","0.8399487733840942","0.6892275810241699","0.6892275810241699","0.6892275810241699","0.8546387553215027","0.8546387553215027","0.8546387553215027","9011","9011","9011","0.8528360724449158","0.8528360724449158","0.8528360724449158","0.8251186609268188","0.8251186609268188","0.8251186609268188","0.8518803119659424","0.8518803119659424","0.8518803119659424","0.7015533447265625","0.7015533447265625","0.7015533447265625","0.8528360724449158","0.8528360724449158","0.8528360724449158","8407","8407","8407","0.8234160542488098","0.8234160542488098","0.8234160542488098","0.8210194706916809","0.8210194706916809","0.8210194706916809","0.8586744666099548","0.8586744666099548","0.8586744666099548","0.6921308040618896","0.6921308040618896","0.6921308040618896","0.8234160542488098","0.8234160542488098","0.8234160542488098","","","","","","","","","","","","","","","","","","","8571","8571","8571","0.833879292011261","0.833879292011261","0.833879292011261","0.8059361577033997","0.8059361577033997","0.8059361577033997","0.8417997360229492","0.8417997360229492","0.8417997360229492","0.6591657400131226","0.6591657400131226","0.6591657400131226","0.833879292011261","0.833879292011261","0.833879292011261"
"14","","","","","","","","","","","","","","","","","","","9654","9654","9654","0.8539526462554932","0.8539526462554932","0.8539526462554932","0.7891798615455627","0.7891798615455627","0.7891798615455627","0.8469613194465637","0.8469613194465637","0.8469613194465637","0.7088314294815063","0.7088314294815063","0.7088314294815063","0.8539526462554932","0.8539526462554932","0.8539526462554932","9008","9008","9008","0.8200433850288391","0.8200433850288391","0.8200433850288391","0.8252243995666504","0.8252243995666504","0.8252243995666504","0.8673824667930603","0.8673824667930603","0.8673824667930603","0.7039252519607544","0.7039252519607544","0.7039252519607544","0.8200433850288391","0.8200433850288391","0.8200433850288391","","","","","","","","","","","","","","","","","","","","","","","","","","","","","","","","","","","","","9993","9993","9993","0.8572039604187012","0.8572039604187012","0.8572039604187012","0.8129404783248901","0.8129404783248901","0.8129404783248901","0.8435291051864624","0.8435291051864624","0.8435291051864624","0.6980313062667847","0.6980313062667847","0.6980313062667847","0.8572039604187012","0.8572039604187012","0.8572039604187012","9654","9654","9654","0.8539526462554932","0.8539526462554932","0.8539526462554932","0.7824512720108032","0.7824512720108032","0.7824512720108032","0.8562763929367065","0.8562763929367065","0.8562763929367065","0.7079875469207764","0.7079875469207764","0.7079875469207764","0.8539526462554932","0.8539526462554932","0.8539526462554932","9008","9008","9008","0.8270296454429626","0.8270296454429626","0.8270296454429626","0.822655439376831","0.822655439376831","0.822655439376831","0.8697031736373901","0.8697031736373901","0.8697031736373901","0.7142503261566162","0.7142503261566162","0.7142503261566162","0.8270296454429626","0.8270296454429626","0.8270296454429626","","","","","","","","","","","","","","","","","","","9184","9184","9184","0.8427702188491821","0.8427702188491821","0.8427702188491821","0.7972688674926758","0.7972688674926758","0.7972688674926758","0.8520246148109436","0.8520246148109436","0.8520246148109436","0.6796240210533142","0.6796240210533142","0.6796240210533142","0.8427702188491821","0.8427702188491821","0.8427702188491821"
"15","","","","","","","","","","","","","","","","","","","10299","10299","10299","0.8577489852905273","0.8577489852905273","0.8577489852905273","0.7950186133384705","0.7950186133384705","0.7950186133384705","0.8613241910934448","0.8613241910934448","0.8613241910934448","0.7217345833778381","0.7217345833778381","0.7217345833778381","0.8577489852905273","0.8577489852905273","0.8577489852905273","9609","9609","9609","0.8226933479309082","0.8226933479309082","0.8226933479309082","0.8307303786277771","0.8307303786277771","0.8307303786277771","0.8553586006164551","0.8553586006164551","0.8553586006164551","0.7029716968536377","0.7029716968536377","0.7029716968536377","0.8226933479309082","0.8226933479309082","0.8226933479309082","","","","","","","","","","","","","","","","","","","","","","","","","","","","","","","","","","","","","10659","10659","10659","0.8595553636550903","0.8595553636550903","0.8595553636550903","0.8309558033943176","0.8309558033943176","0.8309558033943176","0.8506925702095032","0.8506925702095032","0.8506925702095032","0.6987155079841614","0.6987155079841614","0.6987155079841614","0.8595553636550903","0.8595553636550903","0.8595553636550903","10299","10299","10299","0.8617686629295349","0.8617686629295349","0.8617686629295349","0.8048976063728333","0.8048976063728333","0.8048976063728333","0.8612750768661499","0.8612750768661499","0.8612750768661499","0.7298111915588379","0.7298111915588379","0.7298111915588379","0.8617686629295349","0.8617686629295349","0.8617686629295349","9609","9609","9609","0.8224524259567261","0.8224524259567261","0.8224524259567261","0.8269703984260559","0.8269703984260559","0.8269703984260559","0.8707424998283386","0.8707424998283386","0.8707424998283386","0.7147088646888733","0.7147088646888733","0.7147088646888733","0.8224524259567261","0.8224524259567261","0.8224524259567261","","","","","","","","","","","","","","","","","","","9797","9797","9797","0.8380907773971558","0.8380907773971558","0.8380907773971558","0.794162929058075","0.794162929058075","0.794162929058075","0.8501866459846497","0.8501866459846497","0.8501866459846497","0.6662230491638184","0.6662230491638184","0.6662230491638184","0.8380907773971558","0.8380907773971558","0.8380907773971558"
"16","","","","","","","","","","","","","","","","","","","","","","","","","","","","","","","","","","","","","","","","","","","","","","","","","","","","","","","","","","","","","","","","","","","","","","","","","","","","","","","","","","","","","","","","","","","11325","11325","11325","0.8589140772819519","0.8589140772819519","0.8589140772819519","0.8152113556861877","0.8152113556861877","0.8152113556861877","0.8463431000709534","0.8463431000709534","0.8463431000709534","0.6898916959762573","0.6898916959762573","0.6898916959762573","0.8589140772819519","0.8589140772819519","0.8589140772819519","10942","10942","10942","0.8606520891189575","0.8606520891189575","0.8606520891189575","0.7845174074172974","0.7845174074172974","0.7845174074172974","0.8538623452186584","0.8538623452186584","0.8538623452186584","0.7188833951950073","0.7188833951950073","0.7188833951950073","0.8606520891189575","0.8606520891189575","0.8606520891189575","10210","10210","10210","0.8214887976646423","0.8214887976646423","0.8214887976646423","0.826701819896698","0.826701819896698","0.826701819896698","0.8701672554016113","0.8701672554016113","0.8701672554016113","0.6886798143386841","0.6886798143386841","0.6886798143386841","0.8214887976646423","0.8214887976646423","0.8214887976646423","","","","","","","","","","","","","","","","","","","10410","10410","10410","0.8469817638397217","0.8469817638397217","0.8469817638397217","0.7841317653656006","0.7841317653656006","0.7841317653656006","0.851970911026001","0.851970911026001","0.851970911026001","0.6771196722984314","0.6771196722984314","0.6771196722984314","0.8469817638397217","0.8469817638397217","0.8469817638397217"
"17","","","","","","","","","","","","","","","","","","","","","","","","","","","","","","","","","","","","","","","","","","","","","","","","","","","","","","","","","","","","","","","","","","","","","","","","","","","","","","","","","","","","","","","","","","","11991","11991","11991","0.8623343110084534","0.8623343110084534","0.8623343110084534","0.8171611428260803","0.8171611428260803","0.8171611428260803","0.8393912315368652","0.8393912315368652","0.8393912315368652","0.6996662616729736","0.6996662616729736","0.6996662616729736","0.8623343110084534","0.8623343110084534","0.8623343110084534","","","","","","","","","","","","","","","","","","","","","","","","","","","","","","","","","","","","","","","","","","","","","","","","","","","","","","","11021","11021","11021","0.8500233888626099","0.8500233888626099","0.8500233888626099","0.7892308235168457","0.7892308235168457","0.7892308235168457","0.845811665058136","0.845811665058136","0.845811665058136","0.678902268409729","0.678902268409729","0.678902268409729","0.8500233888626099","0.8500233888626099","0.8500233888626099"